Welcome to the Event stages!|These stages are only available|during a certain period!|＠|＠|
These Event stages|are for intermediate players.|Make sure you can clear|the normal stages before trying!|＠|
Don't let yourself down.|Life is made difficult.|There's always Hawaii!|＠|＠|
To succeed in life,|you need two things:|ignorance and confidence.|＠|＠|
We live in a world where there|is more and more information,|and less and less meaning|＠|＠|
Nyanko is Japanese for Cat.|Everything is learning.|＠|＠|＠|
Emotion creates reality.|Reality demands action.|＠|＠|＠|
It's okay to cry.|It's okay to run away.|You were not made that strong.|＠|＠|
Sometimes being weak is the|best way to be strong.|＠|＠|＠|
Pride means nothing when|it comes to matters of the heart.|＠|＠|＠|
Let's see some more effort.|It makes you more attractive.|Show me what you've got!|＠|＠|
Having trouble?|Try normal stages to get some XP|and upgrade your Cats!|(Don't forget the Cat Treasures)|＠| 
Stay hungry.|Stay foolish.|＠|＠|＠|
The Worker Cat is important!|Higher levels gives more money!|More money means more Cats!|Upgrade ALL THE CATS!!|＠|
Cats love Cat Food!|Cheers to Cat Food!|Cheers to Cat Food!|＠|＠|
Cat Energy recovers over time!|Wait a while and let it recover|before making your next move!|＠|＠|
Always be thankful!|＠|＠|＠|＠|
Save data is stored within the app!|Deleting the app will delete|the save! Remember that!|You cannot restore your saved|data once it is deleted!|＠|
Tap this word bubble|to see useful tips and|tricks for the game!|＠|＠|
When enemies come hard and fast,|block them with tough defensive|Cats and give yourself time to build|up your army! This is key to victory!|＠|
Once in a blue moon, you can|get giant XP bonuses when the|XP Megablitz stage appears!|Careful though... don't take|this experts-only stage lightly!|
Sending out cheap Cats to slow|your enemies' progress can help|you not get overwhelmed when|it counts! Managing space is key|to the victory of the Cats!|
Psst! See that Inquiry Code at|upper left of the Title Screen?|Write it down! You might regret|not having it when it counts!|＠|
Save yourself some time - use|a Speed Up to cruise through|those long stages! Seems like|it doesn't help your points on |Timed Score stages, though…|
Using a Treasure Radar will|make sure you get those hard-|to-get treasures and drop items!|Missing a piece from your set?|This is the tool to use!|
Feeling strapped for cash?|Start your fight with a full|wallet and a motivated|Worker Cat using a Rich Cat!|＠|
Use a Cat CPU to collect|XP and treasure even when|you're busy! It's just an AI,|so don't expect strategic|genius from an auto-player!|
You can count on feline|prodigy Cat Jobs to get you|the most XP for your time!|Try using this item on levels|with already big XP rewards!|
Keep your enemies pinned|down with cover fire from|Sniper the Cat! Lets loose|a powerful cannon blast|that knocks back enemies!|
Every once in a while, logging|in will get you a Rare Ticket!|Use it at the Rare Capsule |Machine to get an elite Cat|without using up Cat Food!|
Receive or stop notices about|your Cat Energy from being sent|to your phone - go to Settings|and toggle "Push Msg."!|＠|
If you end the battle within|10 seconds of entering combat,|Energy spent will be restored!|Don't worry, items chosen for|that fight will be given back too!||
Long Range attacks strike|far away enemies, but not those|right in front of that unit. Keep |baddies away from Long Range|attackers so they can fight well!||
Need to upgrade Cats quickly?|If you can't spare time to clear|stages, you can always buy more|XP packs at the Cat Shop using|Cat Food. Go have a look!||
Upgrade the "Research" ability to|produce more Cats in less time!|More Cats… Less time…|Everyone wins!||
When you unlock a new Cat,|you can visit the Cat Guide and|get a small present by looking|at your new friend! Increase your|allies and get free Cat Food!|＠|
＠|＠|＠|＠|＠|＠|
You can confirm your Cat Units'|traits and special abilities by|tapping the icon at bottom right of|the unit information text box!|＠|
＠|＠|＠|＠|＠|
＠|＠|＠|＠|＠|
＠|＠|＠|＠|＠|










