Welcome to Stories of Legend!|There are really hard stages here.|If you aren't ready yet,|try the other chapters first!|＠|
Don't let yourself down.|Life is made difficult.|There's always Alaska.|＠|＠|
To succeed in life,|you need two things:|ignorance and confidence.|＠|＠|
We live in a world where there|is more and more information,|and less and less meaning|＠|＠|
Nyanko is Japanese for Cat.|Everything is learning.|＠|＠|＠|
Emotion creates reality.|Reality demands action.|＠|＠|＠|
It's okay to cry.|It's okay to run away.|You were not made that strong.|＠|＠|
Sometimes being weak is the|best way to be strong.|＠|＠|＠|
Pride means nothing when|it comes to matters of the heart.|＠|＠|＠|
Let's see some more effort.|It makes you more attractive.|Show me what you've got!|＠|＠|
Stay hungry.|Stay foolish.|＠|＠|＠|
The Worker Cat is important!|Higher levels gives more money!|More money means more Cats!|Upgrade ALL THE CATS!!|＠|
Always be thankful!|＠|＠|＠|＠|
Cat Treasure Skills are universal|and are active in all chapters!|Collect Cat Treasures|from previous chapters!|＠|
Still having trouble?|Try to collect all the treasures|from all the previous chapters!|＠|＠|
Knowledge from comics|is still knowledge!|＠|＠|＠|
Praise is good! Praise that|you deserve is even better!|You deserve praise if you tried!|＠|＠|
In Stories of Legend, If you clear|all the stages on the map,|you will receive a Cat Food bonus!|Only once.|＠|
Have I mentioned Cat Treasures?|They're really good.|You can get a lot stronger|just collecting Cat Treasures!|＠|
The main ingredient|for a Cat… is happiness.|＠|＠|＠|
Metal enemies are super hard.|Even heavy attacks don't work!|So, aim for numbers! More Cats!|Try using a lot of cheaper Cats|than expensive Cats!|
Metal enemies are super hard.|I hear they're weak|against Criticals!|＠|＠|
Weekend Event Stages are the|best way to gather XP!|If you want to upgrade your Cats,|play these stages for more XP!|＠|
Clearing Event Stages sometimes|gives you Items! Collect lots of|items and use them to give you|the upper hand during battle!|＠|
Sometimes you can get Cat Tickets|from stages that offer|Cat Ticket Chance!|Google for more information|about Cat Ticket Chances Stages!|
When you are upgrading your Cats,|make sure you play stages with the|least number of clear counts!|These will give you best XP return!|Try it out!|
Save data is stored within the app!|Deleting the app will delete|the save! Remember that!|You cannot restore your saved|data once it is deleted!|＠|
Ready for action!|Cats with abilities that|DEMOLISH Red and Black enemies!|Check out the unit description|for tactical hints!|
Collect units from Capsules|and upgrade them to MAX+|to power up Cat stats|and abilities even further -|maybe unlock a True Form?!|
Defeat the fearsome Cyclones|appearing in special Blitz|Stages to get a special unit!|They may be scary, but every |monster has a weak point!|
Done with Story Mode? Take on|expert challenges at the|Stories of Legend.|Clear all stages for a chance|to get powerful units!|
Heard about the Insanely|tough Crazed Cats Stages?|Not for the faint of heart,|but clearing them will unlock|a Super Rare unit!|
Where there are Cats,|there's hope…|＠|＠|＠|
Clear "Awakened" stages to|fight evolved versions of|Cats as strong enemies and|unlock True Forms!|＠|
On Timed Score stages|the faster you clear the level,|the higher your score!|The higher your score,|the better your prize!!!|
Be brave!|Taking just one step forward|might totally change your world!|＠|＠|
No more Battle Cats until you|finish your homework!!!|＠|＠|＠|
Do you hear it? There's a Cat|in everyone's hearts.|＠|＠|＠|
Whether cats or people,|it’s the weirdos who|make life interesting.|＠|＠|
Crisis is the mother of opportunity!|＠|＠|＠|＠|
Clear "Into The Future" to|collect all the available|CatCombos!|＠|＠|
The treasure in"Empire of Cats"|and "Into the Future" is different:|gotta grab it all for MAX POWER!|＠|＠|
I heard some enemies can|survive even a lethal strike!|Scary…|＠|＠|
I heard a guy at the bus stop|say that the Future has a lot of|treasure that can make you |strong against Aliens!|＠|
Teaming up certain units|will give bonuses |to your battle abilities!|＠|＠|
Some enemies actually do|fight like a cornered cat!|Look up the meaning on your|smartphone, mmkay?|＠|
Save some time on the Equip|screen! Double-tap the unit icon|and the menu will display that|unit. How convenient!|＠|
Hungry for more knowledge?|Tap this word bubble to show|another useful hint!|＠|＠|
When enemies come hard and fast,|block them with tough defensive|Cats and give yourself time to build|up your army! This is key to victory!|＠|
Once in a blue moon, you can|get giant XP bonuses when the|XP Megablitz stage appears!|Careful though... don't take|this experts-only stage lightly!|
Sending out cheap Cats to slow|your enemies' progress can help|you not get overwhelmed when|it counts! Managing space is key|to the victory of the Cats!|
Psst! See that Inquiry Code at|upper left of the Title Screen?|Write it down! You might regret|not having it when it counts!|＠|
Save yourself some time - use|a Speed Up to cruise through|those long stages! Seems like|it doesn't help your points on |Timed Score stages, though…|
Using a Treasure Radar will|make sure you get those hard-|to-get treasures and drop items!|Missing a piece from your set?|This is the tool to use!|
Feeling strapped for cash?|Start your fight with a full|wallet and a motivated|Worker Cat using a Rich Cat!|＠|
Use a Cat CPU to collect|XP and treasure even when|you're busy! It's just an AI,|so don't expect strategic|genius from an auto-player!|
You can count on feline|prodigy Cat Jobs to get you|the most XP for your time!|Try using this item on levels|with already big XP rewards!|
Keep your enemies pinned|down with cover fire from|Sniper the Cat! Lets loose|a powerful cannon blast|that knocks back enemies!|
Every once in a while, logging|in will get you a Rare Ticket!|Use it at the Rare Capsule |Machine to get an elite Cat|without using up Cat Food!|
Check the Encyclopedia for |useful info about Enemy traits!|If a new enemy gives you trouble,|it's best to study up!|＠|
Start or stop Cat Energy alerts|being sent to your phone - go to|Settings and toggle "Push Msg."!|＠|＠|
Tap the name of any unlocked|CatCombo when on the CatCombo|List screen to instantly set those|units into your battle formation!|＠|
If you end the battle within|10 seconds of entering combat,|Energy spent will be restored!|Don't worry, items chosen for|that fight will be given back too!|＠|
Long Range attacks strike|far away enemies, but not those|right in front of that unit. Keep |baddies away from Long Range|attackers so they can fight well!|＠|
Need to upgrade Cats quickly?|If you can't spare time to clear|stages, you can always buy more|XP packs at the Cat Shop using|Cat Food. Go have a look!|＠|
Upgrade the "Research" ability to|produce more Cats in less time!|More Cats… Less time…|Everyone wins!|＠|
Use Cat Food to increase|your saved Battle Formations.|(See the Equip Menu!)|Quickly switch to the perfect|Cat Team for any situation!|＠|
When a Unit's new form is|unlocked you can change to|other forms on the Equip menu!|Tap the circular arrow at|bottom right of the Unit picture!|＠|
I'll give you helpful info about|Treasure Fest and Blitz Events.|Listen to what I say|and you can't go wrong!|＠|
When you unlock a new Cat,|you can visit the Cat Guide and|get a small present by looking|at your new friend! Increase your|allies and get free Cat Food!|
Send out your GAMATOTO Cat|on an Expedition to seek XP,|Cat Food, and other rewards!|Just decide how long to deploy|and take it easy until they return!|
Offer your GAMATOTO a|Catamin to shorten their|Expedition length. They'll|bring back the same rewards|in much less time!|
Catfruit and Catfruit Seeds|will allow your Cats to unlock|their True potential! Each|weekday offers a different|stage to collect them!|
Some stages will offer a chance|to immediately continue on to|a bonus follow-up stage. Clear|this secondary stage and you|might get a cool reward!|
Gather 10 Catfruit Seeds of|any one color and they'll become|a full Catfruit!|Your Cats will thank you!!!|＠|
Only usable CatCombos will|appear in the Combo List…|Collect more friends for|your Cat Army and reveal|more partnerships!|
Recruiting helpers for your|GAMATOTO Expeditions|makes finding items easier!|＠|＠|
Levelling up GAMATOTO|makes it easier to find useful|items when on an Expedition!|＠|＠|
Fine-tune your battle crew by|copying Cat lineups from any|Formation to a new one!|＠|＠|
Tap the bottom right of the|unit description window to get|more info about that Cat's|Abilities and special Effects!|＠|
Sharpen your battle skills without|using Energy in the Dojo!|Master the Way of the Cat|without consquences!|＠|
Defeat the Zombies at the|Empire of Cats Outbreak Areas|for Cat Food rewards!|＠|＠|
Defeat the Zombies at the|Empire of Cats Outbreak Areas|for Cat Food rewards!|＠|＠|
Certain Cats with the "Zombie|Killer" trait can stop Zombie|enemies from reviving!|＠|＠|
Certain Cats with the "Zombie|Killer" trait can stop Zombie|enemies from reviving!|＠|＠|
