＠|＠|＠|＠|＠|＠|＠|			//ネコ
＠|＠|＠|＠|＠|＠|＠|			//タンクネコ
＠|＠|＠|＠|＠|＠|＠|			//バトルネコ
＠|＠|＠|＠|＠|＠|＠|			//キモネコ
＠|＠|＠|＠|＠|＠|＠|			//ウシネコ
＠|＠|＠|＠|＠|＠|＠|			//ネコノトリ
＠|＠|＠|＠|＠|＠|＠|			//ネコフィッシュ
＠|＠|＠|＠|＠|＠|＠|			//ネコトカゲ
＠|＠|＠|＠|＠|＠|＠|			//巨神ネコ
＠|＠|＠|＠|＠|＠|＠|			//ネコ女優
＠|＠|＠|＠|＠|＠|＠|			//カンフーにゃんこ
＠|＠|＠|＠|＠|＠|＠|			//Mr.
＠|＠|＠|＠|＠|＠|＠|			//猫縛り
＠|＠|＠|＠|＠|＠|＠|			//女王猫
＠|＠|＠|＠|＠|＠|＠|			//ネコの箱詰め
＠|＠|＠|＠|＠|＠|＠|			//ネコパンツ
＠|＠|＠|＠|＠|＠|＠|			//もねこ
＠|＠|＠|＠|＠|＠|＠|			//ネコリンリン
＠|＠|＠|＠|＠|＠|＠|			//ネコ忍者
＠|＠|＠|＠|＠|＠|＠|			//ネコゾンビ
＠|＠|＠|＠|＠|＠|＠|			//ネコざむらい
＠|＠|＠|＠|＠|＠|＠|			//スモウネコ
＠|＠|＠|＠|＠|＠|＠|			//ネコフィーバー
＠|＠|＠|＠|＠|＠|＠|			//ネコスカート
＠|＠|＠|＠|＠|＠|＠|			//ネコヴァルキリー
＠|＠|＠|＠|＠|＠|＠|			//ネコムート
＠|＠|＠|＠|＠|＠|＠|			//ケリ姫
＠|＠|＠|＠|＠|＠|＠|			//ネコひめ
＠|＠|＠|＠|＠|＠|＠|			//ネコカプセル
＠|＠|＠|＠|＠|＠|＠|			//マスクオブネコ
True Form evolution increases Range!|Also gains a chance to decrease the|attack power of Floating enemies!|＠|True Form evolution increases Range!|Also gains a chance to decrease the|attack power of Floating enemies!|			//ネコぼさつ
＠|＠|＠|＠|＠|＠|＠|			//ネコ番長
True Form evolution increases defense|and attack! Also slows down Red|enemy movement even further!|＠|True Form evolution increases defense|and attack! Also slows down Red|enemy movement even further!|			//ネコザイル
＠|＠|＠|＠|＠|＠|＠|			//ねこタツ
True Form evolution increases Attack!|Also gains a 100% chance to freeze the|movement of non-Metal enemies!|＠|True Form evolution increases Attack!|Also gains a 100% chance to freeze the|movement of non-Metal enemies!|			//ネコルガ
＠|＠|＠|＠|＠|＠|＠|			//オタネコ
＠|＠|＠|＠|＠|＠|＠|			//ネコスイマー
True Form evolution increases Attack,|decreased deploy Cost, and adds the|ability to survive one lethal blow!|＠|True Form evolution increases Attack,|decreased deploy Cost, and adds the|ability to survive one lethal blow!|			//ネコホッピング
True Form evolution increases Range|and Attack! Also gains a shortened|recovery time after deployment!|＠|True Form evolution increases Range|and Attack! Also gains a shortened|recovery time after deployment!|			//ネコ車輪
＠|＠|＠|＠|＠|＠|＠|			//ネコリンゴ
True Form evolution increases Defense!|Attack speed is also increased!|＠|＠|True Form evolution increases Defense!|Attack speed is also increased!|＠|			//ネコバスたぶ
＠|＠|＠|＠|＠|＠|＠|			//ネコエステ
True Form evolution increases Range|and Attack! Also gains a 100% chance to|freeze Red enemy movement!|＠|True Form evolution increases Range|and Attack! Also gains a 100% chance to|freeze Red enemy movement!|			//ネコアイス
True Form evolution increases all traits.|Also grants resistance to wave attacks|while protecting units behind as well!|＠|True Form evolution increases all traits.|Also grants resistance to wave attacks|while protecting units behind as well!|			//ネコマシン
True Form evolution increases Defense|and grants a hugely powerful single attack.|＠|＠|True Form evolution increases Defense|and grants a hugely powerful single attack.|＠|			//鬼にゃんま
＠|＠|＠|＠|＠|＠|＠|			//芸者ねこ
True Form evolution increases Defense|and Attack power. Also gains increased|critical chance and range!||True Form evolution increases Defense|and Attack power. Also gains increased|critical chance and range!|			//ねこジュラ
True Form evolution increases Defense|by a large amount and gives Area Attack!|＠|＠|True Form evolution increases Defense|by a large amount and gives Area Attack!|＠|			//ねこファイター
True Form evolution increases Range|and Defense, and grants a greater|chance of Knockback vs Red enemies|＠|True Form evolution increases Range|and Defense, and grants a greater|chance of Knockback vs Red enemies|			//ねこ海賊
True Form evolution increases|range and attack power.|Also grants Area Attack!|＠|True Form evolution increases|range and attack power.|Also grants Area Attack!|			//ねこ泥棒
True Form evolution increases|defense, range and attack power.|Attacks also gain Area effect!|＠|True Form evolution increases|defense, range and attack power.|Attacks also gain Area effect!|			//ねこ僧侶
True Form evolution increases Defense!|Also grants a much greater chance of|Knockback vs Floating enemies.|＠|True Form evolution increases Defense!|Also grants a much greater chance of|Knockback vs Floating enemies.|			//ねこ占い師
＠|＠|＠|＠|＠|＠|＠|			//ネコシャーマン
＠|＠|＠|＠|＠|＠|＠|			//エヴァンジェリスト
＠|＠|＠|＠|＠|＠|＠|			//10式戦車
True Form evolution increases Defense and|Attack Range. Also increases the length of|time Red enemies' movement is slowed.|＠|True Form evolution increases Defense and|Attack Range. Also increases the length of|time Red enemies' movement is slowed.|			//ネコ魔女
True Form evolution increases Defense,|movement speed, Attack, and Range!|＠|＠|True Form evolution increases Defense,|movement speed, Attack, and Range!|＠|			//ネコアーチャー
True Form evolution increases all traits|and critical attack chance! Also grants|resistance to enemy attacks' knockback.|＠|True Form evolution increases all traits|and critical attack chance! Also grants|resistance to enemy attacks' knockback.|			//ネコシュバリエ
True Form evolution improves|Defense and Attack Power!|＠|＠|True Form evolution improves|Defense and Attack Power!|＠|			//ネコ魔剣士
True Form evolution increases all traits|and grants Wave Attack abilities!|＠|＠|True Form evolution increases all traits|and grants Wave Attack abilities!|＠|			//ねこベビー
＠|＠|＠|＠|＠|＠|＠|			//ネコブ・ロンズ
＠|＠|＠|＠|＠|＠|＠|			//ねこ寿司
＠|＠|＠|＠|＠|＠|＠|			//ネコポン
＠|＠|＠|＠|＠|＠|＠|			//ネコ運動会
＠|＠|＠|＠|＠|＠|＠|			//剣士
＠|＠|＠|＠|＠|＠|＠|			//ウシ姫
＠|＠|＠|＠|＠|＠|＠|			//KHM48
＠|＠|＠|＠|＠|＠|＠|			//チビガウ
＠|＠|＠|＠|＠|＠|＠|			//執行者
＠|＠|＠|＠|＠|＠|＠|			//眠れるケリの美女
＠|＠|＠|＠|＠|＠|＠|			//ネコリーマン
True Form evolution increases Attack!|Also gains faster movement speed.|＠|＠|True Form evolution increases Attack!|Also gains faster movement speed.|＠|			//真田幸村
True Form evolution increases all traits,|allows greater attack power gains|and grants immunity to Wave Attacks.|＠|True Form evolution increases all traits,|allows greater attack power gains|and grants immunity to Wave Attacks.|			//前田慶次
＠|＠|＠|＠|＠|＠|＠|			//織田信長
＠|＠|＠|＠|＠|＠|＠|			//トナカイフィッシュ
True Form evolution greatly increases|defense and movement speed, as well|as increasing attack power and range.|＠|True Form evolution increases Defense|and movement speed, as well as Attack|power and Attack range!|			//風神のウィンディ
True Form evolution increases Defense|and movement speed, as well as Attack|power and Attack range!|＠|True Form evolution increases Defense|and movement speed, as well as Attack|power and Attack range!|			//雷神のサンディア
＠|＠|＠|＠|＠|＠|＠|			//ドロイド
＠|＠|＠|＠|＠|＠|＠|			//ネコと宇宙
＠|＠|＠|＠|＠|＠|＠|			//にゃんこ成人
＠|＠|＠|＠|＠|＠|＠|			//吾輩は鬼である
＠|＠|＠|＠|＠|＠|＠|			//ひなにゃんこ
＠|＠|＠|＠|＠|＠|＠|			//ネコ忍者～青～
＠|＠|＠|＠|＠|＠|＠|			//地龍ソドム
True Form evolution increases Defense,|movement speed, Attack, and Range!|＠|＠|True Form evolution increases Defense,|movement speed, Attack, and Range!|＠|			//聖龍メギドラ
True Form evolution increases|Defense, Attack, and Range!|||True Form evolution increases|Defense, Attack, and Range!||			//竜騎士バルス
True Form evolution increases defense,|attack range, and attack speed!|＠|＠|True Form evolution increases defense,|attack range, and attack speed!|＠|			//神龍かむくら
＠|＠|＠|＠|＠|＠|＠|			//竜戦機ライデン
＠|＠|＠|＠|＠|＠|＠|			//ネコなわとび
＠|＠|＠|＠|＠|＠|＠|			//ニムエ
＠|＠|＠|＠|＠|＠|＠|			//猿王
＠|＠|＠|＠|＠|＠|＠|			//狂乱のネコ
＠|＠|＠|＠|＠|＠|＠|			//狂乱のタンクネコ
＠|＠|＠|＠|＠|＠|＠|			//狂乱のバトルネコ
＠|＠|＠|＠|＠|＠|＠|			//狂乱のキモネコ
＠|＠|＠|＠|＠|＠|＠|			//狂乱のウシネコ
＠|＠|＠|＠|＠|＠|＠|			//狂乱のネコノトリ
＠|＠|＠|＠|＠|＠|＠|			//狂乱のネコフィッシュ
＠|＠|＠|＠|＠|＠|＠|			//狂乱のネコトカゲ
＠|＠|＠|＠|＠|＠|＠|			//狂乱の巨神ネコ
＠|＠|＠|＠|＠|＠|＠|			//ネコ乙女
＠|＠|＠|＠|＠|＠|＠|			//弱酸性エル
＠|＠|＠|＠|＠|＠|＠|			//レッドマローン
＠|＠|＠|＠|＠|＠|＠|			//歌謡にゃんこ
＠|＠|＠|＠|＠|＠|＠|			//マジでコイしてる
True Form evolution increases Defense,|Attack, Range, and Attack Speed, plus|gains resistance to Weaken!|＠|True Form evolution increases Defense,|Attack, Range, and Attack Speed, plus|gains resistance to Weaken!|			//猿帝のクウ
＠|＠|＠|＠|＠|＠|＠|			//召し豚のカイ
True Form evolution increases|defense, range and attack power. |Easier to freeze Floating enemies too!|＠|True Form evolution increases|defense, range and attack power. |Easier to freeze Floating enemies too!|			//宝杖のカッパーマイン
＠|＠|＠|＠|＠|＠|＠|			//にゃんこ３兄弟
＠|＠|＠|＠|＠|＠|＠|			//マダム・ザ・花嫁
＠|＠|＠|＠|＠|＠|＠|			//セレス
＠|＠|＠|＠|＠|＠|＠|			//ノノ
＠|＠|＠|＠|＠|＠|＠|			//オルガ
＠|＠|＠|＠|＠|＠|＠|			//ノルン
＠|＠|＠|＠|＠|＠|＠|			//よいち
＠|＠|＠|＠|＠|＠|＠|			//セラム
＠|＠|＠|＠|＠|＠|＠|			//フウ
＠|＠|＠|＠|＠|＠|＠|			//アウラ
＠|＠|＠|＠|＠|＠|＠|			//レイ
＠|＠|＠|＠|＠|＠|＠|			//ワイバーン
＠|＠|＠|＠|＠|＠|＠|			//癒術士
＠|＠|＠|＠|＠|＠|＠|			//メルク
＠|＠|＠|＠|＠|＠|＠|			//女王様の休日
＠|＠|＠|＠|＠|＠|＠|			//マメマメにゃんこ
＠|＠|＠|＠|＠|＠|＠|			//伊達政宗
＠|＠|＠|＠|＠|＠|＠|			//武田信玄
＠|＠|＠|＠|＠|＠|＠|			//カラクリにゃんこ
＠|＠|＠|＠|＠|＠|＠|			//ネコフラワー
＠|＠|＠|＠|＠|＠|＠|			//うらめしにゃん
＠|＠|＠|＠|＠|＠|＠|			//金ネコ
＠|＠|＠|＠|＠|＠|＠|			//ウルフとウルルン
＠|＠|＠|＠|＠|＠|＠|			//ねねこ
＠|＠|＠|＠|＠|＠|＠|			//カンフーにゃんこＧ
＠|＠|＠|＠|＠|＠|＠|			//ヒカキン
＠|＠|＠|＠|＠|＠|＠|			//うらしまタロウ
＠|＠|＠|＠|＠|＠|＠|			//ツルの恩返し
True Form evolution increases all|traits! Also gains a higher chance to|freeze Red/Angelic enemy movement!|＠|True Form evolution increases all|traits! Also gains a higher chance to|freeze Red/Angelic enemy movement!|			//ももたろう
＠|＠|＠|＠|＠|＠|＠|			//かさじぞう
True Form evolution increases all traits|and adds the ability to 100% slow|movement of Angel and Metal enemies|＠|True Form evolution increases all traits|and adds the ability to 100% slow|movement of Angel and Metal enemies|			//かぐやひめ
＠|＠|＠|＠|＠|＠|＠|			//ネコンドー
＠|＠|＠|＠|＠|＠|＠|			//ふにゅふにゅネコ
＠|＠|＠|＠|＠|＠|＠|			//神様
＠|＠|＠|＠|＠|＠|＠|			//ネコチュートリアル
＠|＠|＠|＠|＠|＠|＠|			//ねこナース
＠|＠|＠|＠|＠|＠|＠|			//にゃんこ城Mini
＠|＠|＠|＠|＠|＠|＠|			//ねこガンマン
＠|＠|＠|＠|＠|＠|＠|			//たけうまねこ
True Form evolution slows movement|speed, but gives a big boost to defense,|attack power, and attack range.|＠|True Form evolution slows movement|speed, but gives a big boost to defense,|attack power, and attack range.|			//ブリキネコ
＠|＠|＠|＠|＠|＠|＠|			//ねこロッカー
True Form evolution increases|defense, range and movement speed. |Attacks also gain Area effect!|＠|True Form evolution increases|defense, range and movement speed. |Attacks also gain Area effect!|			//ねこ人魚
＠|＠|＠|＠|＠|＠|＠|			//窓辺の乙女ネコ
＠|＠|＠|＠|＠|＠|＠|			//ネコバーベル
＠|＠|＠|＠|＠|＠|＠|			//ネコスケート
True Form evolution increases Defense,|and Attack! Also slows Angels for an|even longer period of time!|＠|True Form evolution increases Defense,|and Attack! Also slows Angels for an|even longer period of time!|			//ネコトースター
＠|＠|＠|＠|＠|＠|＠|			//ねこフープ
＠|＠|＠|＠|＠|＠|＠|			//のべにゃん
＠|＠|＠|＠|＠|＠|＠|			//ドラリー剣士
＠|＠|＠|＠|＠|＠|＠|			//ヌボボ
＠|＠|＠|＠|＠|＠|＠|			//上杉謙信
＠|＠|＠|＠|＠|＠|＠|			//冥界のカリファ
＠|＠|＠|＠|＠|＠|＠|			//ユーリンチー
＠|＠|＠|＠|＠|＠|＠|			//狂乱のケリ姫
＠|＠|＠|＠|＠|＠|＠|			//綾小路 翔
＠|＠|＠|＠|＠|＠|＠|			//早乙女 光
＠|＠|＠|＠|＠|＠|＠|			//西園寺 瞳
＠|＠|＠|＠|＠|＠|＠|			//星グランマニエ
＠|＠|＠|＠|＠|＠|＠|			//白鳥松竹梅
＠|＠|＠|＠|＠|＠|＠|			//ネコヤンキー
True Form evolution gives a huge|increase to attack range.|＠|＠|True Form evolution gives a huge|increase to attack range.|＠|			//アシルガ
＠|＠|＠|＠|＠|＠|＠|			//クビルガ
True Form evolution increases attack|range and chance of critical attacks!|＠|＠|True Form evolution increases attack|range and chance of critical attacks!|＠|			//テコルガ
＠|＠|＠|＠|＠|＠|＠|			//バララガ
＠|＠|＠|＠|＠|＠|＠|			//コニャンダム
＠|＠|＠|＠|＠|＠|＠|			//厨房マンボウ
＠|＠|＠|＠|＠|＠|＠|			//マンボ王
＠|＠|＠|＠|＠|＠|＠|			//にゃんぼう
＠|＠|＠|＠|＠|＠|＠|			//マシュマロにゃん
＠|＠|＠|＠|＠|＠|＠|			//覇龍ディオラムス
＠|＠|＠|＠|＠|＠|＠|			//極道にゃんこ
＠|＠|＠|＠|＠|＠|＠|			//タクヤとユキ
＠|＠|＠|＠|＠|＠|＠|			//謎の少女ユキ
＠|＠|＠|＠|＠|＠|＠|			//ゆきにゃん
＠|＠|＠|＠|＠|＠|＠|			//183-1
＠|＠|＠|＠|＠|＠|＠|			//にゃんこカートR
＠|＠|＠|＠|＠|＠|＠|			//ミスターニンジャ
＠|＠|＠|＠|＠|＠|＠|			//ハルシュト
＠|＠|＠|＠|＠|＠|＠|			//コーネリア
＠|＠|＠|＠|＠|＠|＠|			//ユーヴェンス
＠|＠|＠|＠|＠|＠|＠|			//ミスティカ
＠|＠|＠|＠|＠|＠|＠|			//アロイス
＠|＠|＠|＠|＠|＠|＠|			//シトルイユ
＠|＠|＠|＠|＠|＠|＠|			//ティティ
＠|＠|＠|＠|＠|＠|＠|			//山岡実乃里
＠|＠|＠|＠|＠|＠|＠|			//中村奏絵
True Form evolution is Strong|against Alien enemies and grants|immunity to Wave Attacks.|＠|True Form evolution is Strong|against Alien enemies and grants|immunity to Wave Attacks.|			//アキラ
True Form evolution increases|attack power vs Alien enemies. |Also gains 100% Slow vs Aliens!|＠|True Form evolution increases|attack power vs Alien enemies. |Also gains 100% Slow vs Aliens!|			//西園寺メカ子
＠|＠|＠|＠|＠|＠|＠|			//キャットマンダディ
＠|＠|＠|＠|＠|＠|＠|			//サイキックネコ
＠|＠|＠|＠|＠|＠|＠|			//ねこ陰陽師
＠|＠|＠|＠|＠|＠|＠|			//ネコサーファー
＠|＠|＠|＠|＠|＠|＠|			//メタルネコ
＠|＠|＠|＠|＠|＠|＠|			//ドラムメニャー
＠|＠|＠|＠|＠|＠|＠|			//小籠包にゃんこ
＠|＠|＠|＠|＠|＠|＠|			//カチカチヤマンズ
＠|＠|＠|＠|＠|＠|＠|			//アイルー
＠|＠|＠|＠|＠|＠|＠|			//シェリア【キリン】
＠|＠|＠|＠|＠|＠|＠|			//リオレウス
＠|＠|＠|＠|＠|＠|＠|			//リオレイア
＠|＠|＠|＠|＠|＠|＠|			//キリンネコ
＠|＠|＠|＠|＠|＠|＠|			//ちびネコ
＠|＠|＠|＠|＠|＠|＠|			//ちびタンクネコ
＠|＠|＠|＠|＠|＠|＠|			//ちびバトルネコ
＠|＠|＠|＠|＠|＠|＠|			//ホワイトラビット
＠|＠|＠|＠|＠|＠|＠|			//214-1
＠|＠|＠|＠|＠|＠|＠|			//百太郎
＠|＠|＠|＠|＠|＠|＠|			//マルコ
＠|＠|＠|＠|＠|＠|＠|			//ターマ
＠|＠|＠|＠|＠|＠|＠|			//エリ
＠|＠|＠|＠|＠|＠|＠|			//フィオ
＠|＠|＠|＠|＠|＠|＠|			//SV-001
＠|＠|＠|＠|＠|＠|＠|			//アレン・オニール
＠|＠|＠|＠|＠|＠|＠|			//マーズピープル
＠|＠|＠|＠|＠|＠|＠|			//ヒュージハーミット
＠|＠|＠|＠|＠|＠|＠|			//ジュピターキング
＠|＠|＠|＠|＠|＠|＠|			//モーデン元帥
＠|＠|＠|＠|＠|＠|＠|			//ハイドゥ
＠|＠|＠|＠|＠|＠|＠|			//呪術師デスピエロ
＠|＠|＠|＠|＠|＠|＠|			//にゃんぷきん
＠|＠|＠|＠|＠|＠|＠|			//ハロウィンねねこ
＠|＠|＠|＠|＠|＠|＠|			//ウィンディスイート
＠|＠|＠|＠|＠|＠|＠|			//デビルサンディア
＠|＠|＠|＠|＠|＠|＠|			//おでん
＠|＠|＠|＠|＠|＠|＠|			//光の神徒ヴァルキリー
＠|＠|＠|＠|＠|＠|＠|			//神徒ブリュンヒルデ
＠|＠|＠|＠|＠|＠|＠|			//神徒スルズ
＠|＠|＠|＠|＠|＠|＠|			//豊穣の女神フレイヤ
＠|＠|＠|＠|＠|＠|＠|			//軍神オーディン
＠|＠|＠|＠|＠|＠|＠|			//おかめはちもくネコ
＠|＠|＠|＠|＠|＠|＠|			//ボンボンネコ
＠|＠|＠|＠|＠|＠|＠|			//見習いスニャイパー
＠|＠|＠|＠|＠|＠|＠|			//トゲルガ
＠|＠|＠|＠|＠|＠|＠|			//雪だるまのスノーカイ
＠|＠|＠|＠|＠|＠|＠|			//サンタのメリークウ
＠|＠|＠|＠|＠|＠|＠|			//聖夜のシスターカッパー
＠|＠|＠|＠|＠|＠|＠|			//ネコのプレゼント
＠|＠|＠|＠|＠|＠|＠|			//ちびキモネコ
＠|＠|＠|＠|＠|＠|＠|			//ちびウシネコ
＠|＠|＠|＠|＠|＠|＠|			//ちびネコノトリ
＠|＠|＠|＠|＠|＠|＠|			//死にたてにゃんこ
＠|＠|＠|＠|＠|＠|＠|			//剣士
＠|＠|＠|＠|＠|＠|＠|			//騎馬兵
＠|＠|＠|＠|＠|＠|＠|			//アシュラ
＠|＠|＠|＠|＠|＠|＠|			//バトルバルーン
＠|＠|＠|＠|＠|＠|＠|			//ドラゴンライダー
＠|＠|＠|＠|＠|＠|＠|			//プリティキャット
＠|＠|＠|＠|＠|＠|＠|			//サイクロプス
＠|＠|＠|＠|＠|＠|＠|			//ゴーレム
＠|＠|＠|＠|＠|＠|＠|			//天空神ゼウス
＠|＠|＠|＠|＠|＠|＠|			//守護神アヌビス
＠|＠|＠|＠|＠|＠|＠|			//美女神アフロディーテ
＠|＠|＠|＠|＠|＠|＠|			//ネコウェイ
＠|＠|＠|＠|＠|＠|＠|			//天誅ハヤブサ
＠|＠|＠|＠|＠|＠|＠|			//ニャームス
＠|＠|＠|＠|＠|＠|＠|			//ポチ
＠|＠|＠|＠|＠|＠|＠|			//クロミ
＠|＠|＠|＠|＠|＠|＠|			//せつ子
＠|＠|＠|＠|＠|＠|＠|			//ねば～る君
＠|＠|＠|＠|＠|＠|＠|			//ネコタイフーン
＠|＠|＠|＠|＠|＠|＠|			//ネコずきんミーニャ
＠|＠|＠|＠|＠|＠|＠|			//幼獣ガオ
＠|＠|＠|＠|＠|＠|＠|			//狂乱のユキ
＠|＠|＠|＠|＠|＠|＠|			//太陽神アマテラス
＠|＠|＠|＠|＠|＠|＠|			//叡智神ガネーシャ
＠|＠|＠|＠|＠|＠|＠|			//チアにゃんこ
＠|＠|＠|＠|＠|＠|＠|			//ひと夏のカリファ
＠|＠|＠|＠|＠|＠|＠|			//真夏のホワイトラビット
＠|＠|＠|＠|＠|＠|＠|			//水着ねねこ
＠|＠|＠|＠|＠|＠|＠|			//なめこ
＠|＠|＠|＠|＠|＠|＠|			//なめこタンク
＠|＠|＠|＠|＠|＠|＠|			//白ネコなめこ
＠|＠|＠|＠|＠|＠|＠|			//要塞なめこ
＠|＠|＠|＠|＠|＠|＠|			//ふてにゃん
＠|＠|＠|＠|＠|＠|＠|			//ネコ阿波踊り
＠|＠|＠|＠|＠|＠|＠|			//猫飯拳パイパイ
＠|＠|＠|＠|＠|＠|＠|			//ネコ特急
＠|＠|＠|＠|＠|＠|＠|			//狂乱の小籠包にゃんこ
＠|＠|＠|＠|＠|＠|＠|			//閃雷機兵レイ
＠|＠|＠|＠|＠|＠|＠|			//ネコ球児
＠|＠|＠|＠|＠|＠|＠|			//鹿目まどか
＠|＠|＠|＠|＠|＠|＠|			//暁美ほむら
＠|＠|＠|＠|＠|＠|＠|			//美樹さやか
＠|＠|＠|＠|＠|＠|＠|			//巴マミ
＠|＠|＠|＠|＠|＠|＠|			//佐倉杏子
＠|＠|＠|＠|＠|＠|＠|			//キュゥべえ
＠|＠|＠|＠|＠|＠|＠|			//ネコまどか
＠|＠|＠|＠|＠|＠|＠|			//ネコほむら
＠|＠|＠|＠|＠|＠|＠|			//ネコさやか
＠|＠|＠|＠|＠|＠|＠|			//ネコマミ
＠|＠|＠|＠|＠|＠|＠|			//ネコ杏子
＠|＠|＠|＠|＠|＠|＠|			//ちびまどか
＠|＠|＠|＠|＠|＠|＠|			//ちびほむら
＠|＠|＠|＠|＠|＠|＠|			//ネコキュゥべえ
＠|＠|＠|＠|＠|＠|＠|			//ネコアイスゴースト
＠|＠|＠|＠|＠|＠|＠|			//ネコ屋台
＠|＠|＠|＠|＠|＠|＠|			//新ガチャ超激レア（陸）
＠|＠|＠|＠|＠|＠|＠|			//新ガチャ超激レア（海）
＠|＠|＠|＠|＠|＠|＠|			//新ガチャ超激レア（空）
＠|＠|＠|＠|＠|＠|＠|			//ネコ高飛び（仮）
＠|＠|＠|＠|＠|＠|＠|			//ネコ植木職人（仮）
＠|＠|＠|＠|＠|＠|＠|			//キャットバスターズ味方
＠|＠|＠|＠|＠|＠|＠|			//クリスマスねこナース
